"source_order","status","action","old_category","title","target_directory","candidate_slug","sidebar_position","wp_post_name","markdown_output","notes"
"1","publish","migrate","Oceanpayment产品与服务","Oceanpayment可以提供哪些支付产品？","docs/products-services/oceanpayment-products","available-payment-products","5","oceanpayment%e5%8f%af%e4%bb%a5%e6%8f%90%e4%be%9b%e5%93%aa%e4%ba%9b%e6%94%af%e4%bb%98%e4%ba%a7%e5%93%81%ef%bc%9f","migration/output/zh/custom/lsvr_kba/oceanpayment可以提供哪些支付产品？/index.md",""
"2","publish","review","","除国际信用卡，Oceanpayment支持哪些国家的本地支付产品？","","","","%e9%99%a4%e5%9b%bd%e9%99%85%e4%bf%a1%e7%94%a8%e5%8d%a1%ef%bc%8coceanpayment%e6%94%af%e6%8c%81%e5%93%aa%e4%ba%9b%e5%9b%bd%e5%ae%b6%e7%9a%84%e6%9c%ac%e5%9c%b0%e6%94%af%e4%bb%98%e4%ba%a7%e5%93%81","migration/output/zh/custom/lsvr_kba/除国际信用卡，oceanpayment支持哪些国家的本地支付产品/index.md","unmapped category"
"3","publish","migrate","Oceanpayment产品与服务","Oceanpayment是否支持Mobile端的支付？","docs/products-services/oceanpayment-products","support-mobile-payment","4","oceanpayment%e6%98%af%e5%90%a6%e6%94%af%e6%8c%81mobile%e7%ab%af%e7%9a%84%e6%94%af%e4%bb%98%ef%bc%9f","migration/output/zh/custom/lsvr_kba/oceanpayment是否支持mobile端的支付？/index.md",""
"4","publish","migrate","Oceanpayment产品与服务","Oceanpayment是否可以支持Shopify或其他建站平台？","docs/products-services/oceanpayment-products","support-shopify-or-other-platforms","3","oceanpayment%e6%98%af%e5%90%a6%e5%8f%af%e4%bb%a5%e6%94%af%e6%8c%81shopify%e6%88%96%e5%85%b6%e4%bb%96%e5%bb%ba%e7%ab%99%e5%b9%b3%e5%8f%b0%ef%bc%9f","migration/output/zh/custom/lsvr_kba/oceanpayment是否可以支持shopify或其他建站平台？/index.md",""
"5","publish","migrate","Oceanpayment产品与服务","如需开通新的支付方式，如何获取产品价格进行开通？","docs/products-services/oceanpayment-products","activate-new-payment-method-pricing","2","%e5%a6%82%e9%9c%80%e5%bc%80%e9%80%9a%e6%96%b0%e7%9a%84%e6%94%af%e4%bb%98%e6%96%b9%e5%bc%8f%ef%bc%8c%e5%a6%82%e4%bd%95%e8%8e%b7%e5%8f%96%e4%ba%a7%e5%93%81%e4%bb%b7%e6%a0%bc%e8%bf%9b%e8%a1%8c%e5%bc%80","migration/output/zh/custom/lsvr_kba/如需开通新的支付方式，如何获取产品价格进行开/index.md",""
"6","publish","review","","换了新的网站域名进行推广，是否需要重新申请通道？","","","","%e6%8d%a2%e4%ba%86%e6%96%b0%e7%9a%84%e7%bd%91%e7%ab%99%e5%9f%9f%e5%90%8d%e8%bf%9b%e8%a1%8c%e6%8e%a8%e5%b9%bf%ef%bc%8c%e6%98%af%e5%90%a6%e9%9c%80%e8%a6%81%e9%87%8d%e6%96%b0%e7%94%b3%e8%af%b7%e9%80%9a","migration/output/zh/custom/lsvr_kba/换了新的网站域名进行推广，是否需要重新申请通/index.md","unmapped category"
"7","publish","migrate","账户划款、提现、代付指引","如何掌握账户资金动态并进行对账？","docs/payment-faq/account-transfer","account-funds-and-reconciliation","3","%e5%a6%82%e4%bd%95%e6%8e%8c%e6%8f%a1%e8%b4%a6%e6%88%b7%e8%b5%84%e9%87%91%e5%8a%a8%e6%80%81%e5%b9%b6%e8%bf%9b%e8%a1%8c%e5%af%b9%e8%b4%a6%ef%bc%9f","migration/output/zh/custom/lsvr_kba/如何掌握账户资金动态并进行对账？/index.md",""
"8","publish","migrate","账户划款、提现、代付指引","成功交易资金如何进行结算？","docs/payment-faq/account-transfer","successful-transaction-settlement","2","%e6%88%90%e5%8a%9f%e4%ba%a4%e6%98%93%e8%b5%84%e9%87%91%e5%a6%82%e4%bd%95%e8%bf%9b%e8%a1%8c%e7%bb%93%e7%ae%97%ef%bc%9f","migration/output/zh/custom/lsvr_kba/成功交易资金如何进行结算？/index.md",""
"9","publish","migrate","Payment收单常见问题","Oceanpayment可以支持哪些结算币种？","docs/payment-faq/common-questions","supported-settlement-currencies","22","oceanpayment%e5%8f%af%e4%bb%a5%e6%94%af%e6%8c%81%e5%93%aa%e4%ba%9b%e7%bb%93%e7%ae%97%e5%b8%81%e7%a7%8d%ef%bc%9f","migration/output/zh/custom/lsvr_kba/oceanpayment可以支持哪些结算币种？/index.md",""
"10","publish","migrate","客户服务常见问题","Oceanpayment的账户后台，支持多账户登陆吗？","docs/customer-service/customer-service-faq","multiple-account-logins","3","oceanpayment%e7%9a%84%e8%b4%a6%e6%88%b7%e5%90%8e%e5%8f%b0%ef%bc%8c%e6%94%af%e6%8c%81%e5%a4%9a%e8%b4%a6%e6%88%b7%e7%99%bb%e9%99%86%e5%90%97%ef%bc%9f","migration/output/zh/custom/lsvr_kba/oceanpayment的账户后台，支持多账户登陆吗？/index.md",""
"11","publish","migrate","客户服务常见问题","忘了Oceanpayment账户后台登陆密码，该如何重置密码？","docs/customer-service/customer-service-faq","reset-oceanpayment-dashboard-password","2","%e5%bf%98%e4%ba%86oceanpayment%e8%b4%a6%e6%88%b7%e5%90%8e%e5%8f%b0%e7%99%bb%e9%99%86%e5%af%86%e7%a0%81%ef%bc%8c%e8%af%a5%e5%a6%82%e4%bd%95%e9%87%8d%e7%bd%ae%e5%af%86%e7%a0%81%ef%bc%9f","migration/output/zh/custom/lsvr_kba/忘了oceanpayment账户后台登陆密码，该如何重置密码？/index.md",""
"12","private","skip","","如何操作退款？是否可以取消退款申请？","","","","%e5%a6%82%e4%bd%95%e6%93%8d%e4%bd%9c%e9%80%80%e6%ac%be%ef%bc%9f%e6%98%af%e5%90%a6%e5%8f%af%e4%bb%a5%e5%8f%96%e6%b6%88%e9%80%80%e6%ac%be%e7%94%b3%e8%af%b7%ef%bc%9f","migration/output/zh/custom/lsvr_kba/如何操作退款？是否可以取消退款申请？/index.md","unmapped category; status=private"
"13","publish","migrate","Payment收单常见问题","订单被风控拦截显示10000：Payment is declined，该如何处理？","docs/payment-faq/common-questions","payment-declined-10000-risk-control","21","%e8%ae%a2%e5%8d%95%e8%a2%ab%e9%a3%8e%e6%8e%a7%e6%8b%a6%e6%88%aa%e6%98%be%e7%a4%ba10000%ef%bc%9apayment-is-declined%ef%bc%8c%e8%af%a5%e5%a6%82%e4%bd%95%e5%a4%84%e7%90%86%ef%bc%9f","migration/output/zh/custom/lsvr_kba/订单被风控拦截显示10000：payment-is-declined，该如何处理？/index.md",""
"14","publish","migrate","Payment收单常见问题","有风险的成功交易应该怎么处理？","docs/payment-faq/common-questions","risky-successful-transaction-handling","20","%e6%9c%89%e9%a3%8e%e9%99%a9%e7%9a%84%e6%88%90%e5%8a%9f%e4%ba%a4%e6%98%93%e5%ba%94%e8%af%a5%e6%80%8e%e4%b9%88%e5%a4%84%e7%90%86","migration/output/zh/custom/lsvr_kba/有风险的成功交易应该怎么处理/index.md",""
"15","publish","migrate","Payment收单常见问题","Oceanpayment信用卡通道支持哪些币种？","docs/payment-faq/common-questions","credit-card-channel-supported-currencies","19","oceanpayment%e4%bf%a1%e7%94%a8%e5%8d%a1%e9%80%9a%e9%81%93%e6%94%af%e6%8c%81%e5%93%aa%e4%ba%9b%e5%b8%81%e7%a7%8d%ef%bc%9f","migration/output/zh/custom/lsvr_kba/oceanpayment信用卡通道支持哪些币种？/index.md",""
"16","draft","skip","","Klarna的争议处理费收取规则是怎样的","","","","","migration/output/zh/custom/lsvr_kba/_drafts/id-346/index.md","unmapped category; status=draft"
"17","private","skip","准入与合规管理","Oceanpayment——禁止接入行业分享","docs/compliance-certification/access-compliance","oceanpayment","","oceanpayment-%e7%a6%81%e6%ad%a2%e6%8e%a5%e5%85%a5%e8%a1%8c%e4%b8%9a%e5%88%86%e4%ba%ab","migration/output/zh/custom/lsvr_kba/oceanpayment-禁止接入行业分享/index.md","status=private; sidebar position pending screenshot/order review"
"18","draft","skip","","Oceanpayment——了解相关业务","","","","oceanpayment-%e4%ba%86%e8%a7%a3%e7%9b%b8%e5%85%b3%e4%b8%9a%e5%8a%a1","migration/output/zh/custom/lsvr_kba/_drafts/oceanpayment-了解相关业务/index.md","unmapped category; status=draft"
"19","draft","skip","","","","","","","","unmapped category; status=draft; markdown output not found by title"
"20","draft","skip","","111","","","","","migration/output/zh/custom/lsvr_kba/_drafts/id-1079/index.md","unmapped category; status=draft"
"21","publish","migrate","Payment收单常见问题","什么是拒付/伪冒/调单订单？该如何处理？","docs/payment-faq/common-questions","chargeback-fraud-retrieval-orders","17","%e4%bb%80%e4%b9%88%e6%98%af%e6%8b%92%e4%bb%98-%e8%b0%83%e5%8d%95-%e4%bc%aa%e5%86%92%e8%ae%a2%e5%8d%95%ef%bc%9f%e8%af%a5%e5%a6%82%e4%bd%95%e5%a4%84%e7%90%86%ef%bc%9f","migration/output/zh/custom/lsvr_kba/什么是拒付-调单-伪冒订单？该如何处理？/index.md",""
"22","publish","migrate","客户服务常见问题","Oceanpayment投诉与建议的联系方式？","docs/customer-service/customer-service-faq","oceanpayment-complaints-and-suggestions-contact","1","oceanpayment%e6%8a%95%e8%af%89%e4%b8%8e%e5%bb%ba%e8%ae%ae%e7%9a%84%e8%81%94%e7%b3%bb%e6%96%b9%e5%bc%8f%ef%bc%9f","migration/output/zh/custom/lsvr_kba/oceanpayment投诉与建议的联系方式？/index.md",""
"23","publish","review","","如何降低欺诈交易拒付的发生","","","","%e5%a6%82%e4%bd%95%e9%99%8d%e4%bd%8e%e6%ac%ba%e8%af%88%e4%ba%a4%e6%98%93%e6%8b%92%e4%bb%98%e7%9a%84%e5%8f%91%e7%94%9f","migration/output/zh/custom/lsvr_kba/如何降低欺诈交易拒付的发生/index.md","unmapped category"
"24","publish","migrate","Payment收单常见问题","为什么会收到高风险订单警报邮件？如何处理？","docs/payment-faq/common-questions","high-risk-order-alert-email","18","%e4%b8%ba%e4%bb%80%e4%b9%88%e4%bc%9a%e6%94%b6%e5%88%b0%e9%ab%98%e9%a3%8e%e9%99%a9%e8%ae%a2%e5%8d%95%e8%ad%a6%e6%8a%a5%e9%82%ae%e4%bb%b6","migration/output/zh/custom/lsvr_kba/为什么会收到高风险订单警报邮件/index.md",""
"25","publish","migrate","Payment收单常见问题","英国对 Klarna 广告的监管要求","docs/payment-faq/common-questions","uk-klarna-advertising-requirements","16","%e8%8b%b1%e5%9b%bd%e5%af%b9-klarna-%e5%b9%bf%e5%91%8a%e7%9a%84%e7%9b%91%e7%ae%a1%e8%a6%81%e6%b1%82","migration/output/zh/custom/lsvr_kba/英国对-klarna-广告的监管要求/index.md",""
"26","publish","migrate","Payment收单常见问题","Klarna争议改善指南","docs/payment-faq/common-questions","klarna-dispute-improvement-guide","15","klarna%e4%ba%89%e8%ae%ae%e6%94%b9%e5%96%84%e6%8c%87%e5%8d%97","migration/output/zh/custom/lsvr_kba/klarna争议改善指南/index.md",""
"27","publish","migrate","Payment收单常见问题","Klarna挪威市场更新","docs/payment-faq/common-questions","klarna-norway-market-update","14","klarna%e6%8c%aa%e5%a8%81%e5%b8%82%e5%9c%ba%e6%9b%b4%e6%96%b0","migration/output/zh/custom/lsvr_kba/klarna挪威市场更新/index.md",""
"28","publish","migrate","Payment收单信息更新专区","Visa拒付管控政策（VAMP）","docs/payment-faq/info-update","visa-vamp-policy","7","visa%e6%8b%92%e4%bb%98%e8%80%83%e6%a0%b8%e6%a0%87%e5%87%86%e6%9b%b4%e6%96%b0-vamp%e5%a2%9e%e5%bc%ba%e5%8f%8avdmp%e5%92%8cvfmp%e9%80%80%e5%87%ba","migration/output/zh/custom/lsvr_kba/visa拒付考核标准更新-vamp增强及vdmp和vfmp退出/index.md",""
"29","publish","migrate","Payment收单常见问题","iDEAL商户运营端注意事项","docs/payment-faq/common-questions","ideal-merchant-operation-notes","13","ideal%e5%95%86%e6%88%b7%e8%bf%90%e8%90%a5%e7%ab%af%e6%b3%a8%e6%84%8f%e4%ba%8b%e9%a1%b9","migration/output/zh/custom/lsvr_kba/ideal商户运营端注意事项/index.md",""
"30","publish","migrate","Payment收单常见问题","Afterpay针对Shopify网站的支付插件安装介绍","docs/payment-faq/common-questions","afterpay-shopify-plugin-installation","12","afterpay%e9%92%88%e5%af%b9shopify%e7%bd%91%e7%ab%99%e7%9a%84%e6%94%af%e4%bb%98%e6%8f%92%e4%bb%b6%e5%ae%89%e8%a3%85%e4%bb%8b%e7%bb%8d","migration/output/zh/custom/lsvr_kba/afterpay针对shopify网站的支付插件安装介绍/index.md",""
"31","publish","migrate","Payment收单信息更新专区","日本发布《信用卡安全指南5.0》新规定","docs/payment-faq/info-update","japan-credit-card-security-guidelines-5","6","%e6%97%a5%e6%9c%ac%e5%8f%91%e5%b8%83%e3%80%8a%e4%bf%a1%e7%94%a8%e5%8d%a1%e5%ae%89%e5%85%a8%e6%8c%87%e5%8d%975-0%e3%80%8b%e6%96%b0%e8%a7%84%e5%ae%9a","migration/output/zh/custom/lsvr_kba/日本发布《信用卡安全指南5-0》新规定/index.md",""
"32","publish","migrate","OP Card常见问题","Oceanpayment Card价格","docs/op-card-faq/common-questions","oceanpayment-card-pricing","58","oceanpayment-card%e4%bb%b7%e6%a0%bc","migration/output/zh/custom/lsvr_kba/oceanpayment-card价格/index.md",""
"33","publish","migrate","企业认证常见问题1","企业认证资料说明","docs/compliance-certification/enterprise-certification-faq","enterprise-certification-materials","1","%e4%bc%81%e4%b8%9a%e8%ae%a4%e8%af%81%e8%b5%84%e6%96%99%e8%af%b4%e6%98%8e","migration/output/zh/custom/lsvr_kba/企业认证资料说明/index.md",""
"34","publish","migrate","OP Card常见问题","OP Card业务申请资料说明","docs/op-card-faq/common-questions","op-card-application-materials","57","op-card%e4%b8%9a%e5%8a%a1%e7%94%b3%e8%af%b7%e8%b5%84%e6%96%99%e8%af%b4%e6%98%8e","migration/output/zh/custom/lsvr_kba/op-card业务申请资料说明/index.md",""
"35","publish","migrate","Payment收单常见问题","Klarna消费者端账单展示","docs/payment-faq/common-questions","klarna-consumer-bill-sample","11","klarna%e6%b6%88%e8%b4%b9%e8%80%85%e7%ab%af%e8%b4%a6%e5%8d%95%e5%b1%95%e7%a4%ba","migration/output/zh/custom/lsvr_kba/klarna消费者端账单展示/index.md",""
"36","publish","migrate","Oceanpayment产品与服务","Oceanpayment Recurring知识介绍","docs/products-services/oceanpayment-products","oceanpayment-recurring-introduction","1","oceanpayment-recurring%e7%9f%a5%e8%af%86%e4%bb%8b%e7%bb%8d","migration/output/zh/custom/lsvr_kba/oceanpayment-recurring知识介绍/index.md",""
"37","publish","migrate","Payment收单信息更新专区","Mastercard 拒付考核标准","docs/payment-faq/info-update","mastercard-chargeback-assessment-criteria","5","mastercard-%e6%8b%92%e4%bb%98%e8%80%83%e6%a0%b8%e6%a0%87%e5%87%86","migration/output/zh/custom/lsvr_kba/mastercard-拒付考核标准/index.md",""
"38","publish","migrate","Payment收单信息更新专区","Mastercard 拒付原因更新","docs/payment-faq/info-update","mastercard-chargeback-reason-update","4","mastercard-%e6%8b%92%e4%bb%98%e5%8e%9f%e5%9b%a0%e6%9b%b4%e6%96%b0","migration/output/zh/custom/lsvr_kba/mastercard-拒付原因更新/index.md",""
"39","publish","migrate","OP Card常见问题","OP Card禁入行业清单","docs/op-card-faq/common-questions","op-card-prohibited-industries","56","op-card%e7%a6%81%e5%85%a5%e8%a1%8c%e4%b8%9a%e6%b8%85%e5%8d%95","migration/output/zh/custom/lsvr_kba/op-card禁入行业清单/index.md",""
"40","publish","migrate","OP Card常见问题","OPCard操作教程","docs/op-card-faq/common-questions","opcard-operation-guide","55","opcard%e6%93%8d%e4%bd%9c%e6%95%99%e7%a8%8b","migration/output/zh/custom/lsvr_kba/opcard操作教程/index.md",""
"41","publish","skip","ODPM后台板块操作指引","网站新增接入教程","docs/odpm-guide/section-guide","odpm-guide-section-guide-001","","%e7%bd%91%e7%ab%99%e6%96%b0%e5%a2%9e%e6%8e%a5%e5%85%a5%e6%95%99%e7%a8%8b","migration/output/zh/custom/lsvr_kba/网站新增接入教程/index.md","ODPM content already migrated; sidebar position pending screenshot/order review"
"42","publish","review","","伪冒处理说明","","","","%e4%bc%aa%e5%86%92%e5%a4%84%e7%90%86%e8%af%b4%e6%98%8e","migration/output/zh/custom/lsvr_kba/伪冒处理说明/index.md","unmapped category"
"43","publish","review","","调单处理说明","","","","%e8%b0%83%e5%8d%95%e5%a4%84%e7%90%86%e8%af%b4%e6%98%8e","migration/output/zh/custom/lsvr_kba/调单处理说明/index.md","unmapped category"
"44","publish","review","","拒付处理说明","","","","%e6%8b%92%e4%bb%98%e5%a4%84%e7%90%86%e8%af%b4%e6%98%8e","migration/output/zh/custom/lsvr_kba/拒付处理说明/index.md","unmapped category"
"45","publish","skip","ODPM后台板块操作指引","退款操作说明","docs/odpm-guide/section-guide","odpm-guide-section-guide-002","","%e9%80%80%e6%ac%be%e6%93%8d%e4%bd%9c%e8%af%b4%e6%98%8e","migration/output/zh/custom/lsvr_kba/退款操作说明/index.md","ODPM content already migrated; sidebar position pending screenshot/order review"
"46","publish","skip","ODPM后台板块操作指引","财务对账说明","docs/odpm-guide/section-guide","odpm-guide-section-guide-003","","%e8%b4%a2%e5%8a%a1%e5%af%b9%e8%b4%a6%e8%af%b4%e6%98%8e","migration/output/zh/custom/lsvr_kba/财务对账说明/index.md","ODPM content already migrated; sidebar position pending screenshot/order review"
"47","publish","skip","ODPM后台板块操作指引","常见交易返回码及物流上传说明","docs/odpm-guide/section-guide","odpm-guide-section-guide-004","","%e5%b8%b8%e8%a7%81%e4%ba%a4%e6%98%93%e8%bf%94%e5%9b%9e%e7%a0%81%e5%8f%8a%e7%89%a9%e6%b5%81%e4%b8%8a%e4%bc%a0%e8%af%b4%e6%98%8e","migration/output/zh/custom/lsvr_kba/常见交易返回码及物流上传说明/index.md","ODPM content already migrated; sidebar position pending screenshot/order review"
"48","publish","skip","ODPM后台板块操作指引","高欺诈警报、黑名单、白名单风控教程","docs/odpm-guide/section-guide","odpm-guide-section-guide-005","","%e9%ab%98%e6%ac%ba%e8%af%88%e8%ad%a6%e6%8a%a5%e3%80%81%e9%bb%91%e5%90%8d%e5%8d%95%e3%80%81%e7%99%bd%e5%90%8d%e5%8d%95%e9%a3%8e%e6%8e%a7%e6%95%99%e7%a8%8b","migration/output/zh/custom/lsvr_kba/高欺诈警报、黑名单、白名单风控教程/index.md","ODPM content already migrated; sidebar position pending screenshot/order review"
"49","publish","skip","ODPM后台板块操作指引","ODPM账户后台操作手册","docs/odpm-guide/section-guide","odpm","","odpm%e8%b4%a6%e6%88%b7%e5%90%8e%e5%8f%b0%e6%93%8d%e4%bd%9c%e6%89%8b%e5%86%8c","migration/output/zh/custom/lsvr_kba/odpm账户后台操作手册/index.md","ODPM content already migrated; sidebar position pending screenshot/order review"
"50","publish","migrate","OP Card常见问题","如果我的多张卡片上都发生了欺诈怎么办？","docs/op-card-faq/common-questions","fraud-on-multiple-cards","54","%e5%a6%82%e6%9e%9c%e6%88%91%e7%9a%84%e5%a4%9a%e5%bc%a0%e5%8d%a1%e7%89%87%e4%b8%8a%e9%83%bd%e5%8f%91%e7%94%9f%e4%ba%86%e6%ac%ba%e8%af%88%e6%80%8e%e4%b9%88%e5%8a%9e%ef%bc%9f","migration/output/zh/custom/lsvr_kba/如果我的多张卡片上都发生了欺诈怎么办？/index.md",""
"51","publish","migrate","OP Card常见问题","如何保护自己免遭诈骗和卡片欺诈","docs/op-card-faq/common-questions","protect-against-card-fraud","53","%e5%a6%82%e4%bd%95%e4%bf%9d%e6%8a%a4%e8%87%aa%e5%b7%b1%e5%85%8d%e9%81%ad%e8%af%88%e9%aa%97%e5%92%8c%e5%8d%a1%e7%89%87%e6%ac%ba%e8%af%88","migration/output/zh/custom/lsvr_kba/如何保护自己免遭诈骗和卡片欺诈/index.md",""
"52","publish","migrate","OP Card常见问题","为什么卡片被冻结/取消后，交易仍然成功了？","docs/op-card-faq/common-questions","transaction-success-after-card-freeze-or-cancel","52","%e4%b8%ba%e4%bb%80%e4%b9%88%e5%8d%a1%e7%89%87%e8%a2%ab%e5%86%bb%e7%bb%93-%e5%8f%96%e6%b6%88%e5%90%8e%ef%bc%8c%e4%ba%a4%e6%98%93%e4%bb%8d%e7%84%b6%e6%88%90%e5%8a%9f%e4%ba%86%ef%bc%9f","migration/output/zh/custom/lsvr_kba/为什么卡片被冻结-取消后，交易仍然成功了？/index.md",""
"53","publish","migrate","OPCard 支持Google Pay FAQ","如何暂停或注销我的卡片？","docs/op-card-faq/google-pay-faq","suspend-or-cancel-card","11","%e5%a6%82%e4%bd%95%e5%86%bb%e7%bb%93%e6%88%96%e5%8f%96%e6%b6%88%e6%88%91%e7%9a%84%e5%8d%a1%e7%89%87","migration/output/zh/custom/lsvr_kba/如何冻结或取消我的卡片/index.md","target overridden by screenshot"
"54","publish","migrate","OPCard 支持Google Pay FAQ","手机丢失或被盗后该怎么办？","docs/op-card-faq/google-pay-faq","lost-or-stolen-phone-google-pay","10","%e6%89%8b%e6%9c%ba%e4%b8%a2%e5%a4%b1%e6%88%96%e8%a2%ab%e7%9b%97%e5%90%8e%e8%af%a5%e6%80%8e%e4%b9%88%e5%8a%9e%ef%bc%9f%ef%bc%88apple-pay-google-pay%ef%bc%89","migration/output/zh/custom/lsvr_kba/手机丢失或被盗后该怎么办？（apple-pay-google-pay）/index.md","target overridden by screenshot"
"55","publish","migrate","OP Card常见问题","什么是已撤销的卡交易？","docs/op-card-faq/common-questions","reversed-card-transaction","51","%e5%ae%9e%e9%99%85%e6%89%a3%e6%ac%be%e9%87%91%e9%a2%9d%e4%b8%8e%e5%a4%84%e7%90%86%e4%b8%ad%e9%87%91%e9%a2%9d%e6%9c%89%e5%8f%af%e8%83%bd%e4%bc%9a%e4%b8%8d%e5%90%8c%e5%90%97%ef%bc%9f","migration/output/zh/custom/lsvr_kba/实际扣款金额与处理中金额有可能会不同吗？/index.md",""
"56","publish","migrate","OP Card常见问题","交易会保持处理中多久？","docs/op-card-faq/common-questions","processing-card-transaction-duration","50","%e4%ba%a4%e6%98%93%e4%bc%9a%e4%bf%9d%e6%8c%81%e5%a4%84%e7%90%86%e4%b8%ad%e5%a4%9a%e4%b9%85%ef%bc%9f","migration/output/zh/custom/lsvr_kba/交易会保持处理中多久？/index.md",""
"57","publish","migrate","OP Card常见问题","什么是处理中的卡交易？","docs/op-card-faq/common-questions","processing-card-transaction","49","%e4%bb%80%e4%b9%88%e6%98%af%e5%a4%84%e7%90%86%e4%b8%ad%e7%9a%84%e5%8d%a1%e4%ba%a4%e6%98%93%ef%bc%9f","migration/output/zh/custom/lsvr_kba/什么是处理中的卡交易？/index.md",""
"58","publish","migrate","OP Card常见问题","可以为每张企业卡指定几位卡片联系人？","docs/op-card-faq/common-questions","company-card-contact-limit","48","%e5%8f%af%e4%bb%a5%e4%b8%ba%e6%af%8f%e5%bc%a0%e4%bc%81%e4%b8%9a%e5%8d%a1%e6%8c%87%e5%ae%9a%e5%87%a0%e4%bd%8d%e5%8d%a1%e7%89%87%e8%81%94%e7%b3%bb%e4%ba%ba%ef%bc%9f","migration/output/zh/custom/lsvr_kba/可以为每张企业卡指定几位卡片联系人？/index.md",""
"59","publish","migrate","OP Card常见问题","可以指定谁作为企业卡卡片联系人？","docs/op-card-faq/common-questions","who-can-be-company-card-contact","47","%e5%8f%af%e4%bb%a5%e6%8c%87%e5%ae%9a%e8%b0%81%e4%bd%9c%e4%b8%ba%e4%bc%81%e4%b8%9a%e5%8d%a1%e5%8d%a1%e7%89%87%e8%81%94%e7%b3%bb%e4%ba%ba%ef%bc%9f","migration/output/zh/custom/lsvr_kba/可以指定谁作为企业卡卡片联系人？/index.md",""
"60","publish","migrate","OP Card常见问题","谁可以指定企业卡卡片联系人？","docs/op-card-faq/common-questions","who-can-assign-company-card-contact","46","%e8%b0%81%e5%8f%af%e4%bb%a5%e6%8c%87%e5%ae%9a%e4%bc%81%e4%b8%9a%e5%8d%a1%e5%8d%a1%e7%89%87%e8%81%94%e7%b3%bb%e4%ba%ba%ef%bc%9f","migration/output/zh/custom/lsvr_kba/谁可以指定企业卡卡片联系人？/index.md",""
"61","publish","migrate","OP Card常见问题","卡片联系人可以做什么？","docs/op-card-faq/common-questions","card-contact-permissions","45","%e5%8d%a1%e7%89%87%e8%81%94%e7%b3%bb%e4%ba%ba%e5%8f%af%e4%bb%a5%e5%81%9a%e4%bb%80%e4%b9%88%ef%bc%9f","migration/output/zh/custom/lsvr_kba/卡片联系人可以做什么？/index.md",""
"62","publish","migrate","OP Card常见问题","谁会默认成为企业卡卡片联系人？","docs/op-card-faq/common-questions","default-company-card-contact","44","%e8%b0%81%e4%bc%9a%e9%bb%98%e8%ae%a4%e6%88%90%e4%b8%ba%e4%bc%81%e4%b8%9a%e5%8d%a1%e5%8d%a1%e7%89%87%e8%81%94%e7%b3%bb%e4%ba%ba%ef%bc%9f","migration/output/zh/custom/lsvr_kba/谁会默认成为企业卡卡片联系人？/index.md",""
"63","publish","migrate","OP Card常见问题","什么是企业卡卡片联系人？","docs/op-card-faq/common-questions","company-card-contact","43","%e4%bb%80%e4%b9%88%e6%98%af%e4%bc%81%e4%b8%9a%e5%8d%a1%e5%8d%a1%e7%89%87%e8%81%94%e7%b3%bb%e4%ba%ba%ef%bc%9f","migration/output/zh/custom/lsvr_kba/什么是企业卡卡片联系人？/index.md",""
"64","publish","migrate","OP Card常见问题","如何创建企业卡？","docs/op-card-faq/common-questions","create-company-card","42","%e5%a6%82%e4%bd%95%e5%88%9b%e5%bb%ba%e4%bc%81%e4%b8%9a%e5%8d%a1%ef%bc%9f","migration/output/zh/custom/lsvr_kba/如何创建企业卡？/index.md",""
"65","publish","migrate","OP Card常见问题","如何查看我被收取的所有费用？","docs/op-card-faq/common-questions","view-all-fees","41","%e5%a6%82%e4%bd%95%e6%9f%a5%e7%9c%8b%e6%88%91%e8%a2%ab%e6%94%b6%e5%8f%96%e7%9a%84%e6%89%80%e6%9c%89%e8%b4%b9%e7%94%a8%ef%bc%9f","migration/output/zh/custom/lsvr_kba/如何查看我被收取的所有费用？/index.md",""
"66","publish","migrate","OP Card常见问题","我的费用结算时间是什么时候？","docs/op-card-faq/common-questions","fee-settlement-time","40","%e6%88%91%e7%9a%84%e8%b4%b9%e7%94%a8%e7%bb%93%e7%ae%97%e6%97%b6%e9%97%b4%e6%98%af%e4%bb%80%e4%b9%88%e6%97%b6%e5%80%99%ef%bc%9f","migration/output/zh/custom/lsvr_kba/我的费用结算时间是什么时候？/index.md",""
"67","publish","migrate","OP Card常见问题","发卡账户增额的限制","docs/op-card-faq/common-questions","card-account-limit-increase-restrictions","39","%e5%8f%91%e5%8d%a1%e8%b4%a6%e6%88%b7%e5%a2%9e%e9%a2%9d%e7%9a%84%e9%99%90%e5%88%b6","migration/output/zh/custom/lsvr_kba/发卡账户增额的限制/index.md",""
"68","publish","migrate","OP Card常见问题","发卡账户一天可以提额几次","docs/op-card-faq/common-questions","card-account-daily-limit-increase-times","38","%e5%8f%91%e5%8d%a1%e8%b4%a6%e6%88%b7%e4%b8%80%e5%a4%a9%e5%8f%af%e4%bb%a5%e6%8f%90%e9%a2%9d%e5%87%a0%e6%ac%a1","migration/output/zh/custom/lsvr_kba/发卡账户一天可以提额几次/index.md",""
"69","publish","migrate","OP Card常见问题","单笔卡交易限额","docs/op-card-faq/common-questions","single-card-transaction-limit","37","%e5%8d%95%e7%ac%94%e5%8d%a1%e4%ba%a4%e6%98%93%e9%99%90%e9%a2%9d","migration/output/zh/custom/lsvr_kba/单笔卡交易限额/index.md",""
"70","publish","migrate","OP Card常见问题","卡被盗了怎么办？","docs/op-card-faq/common-questions","stolen-card","36","%e5%8d%a1%e8%a2%ab%e7%9b%97%e4%ba%86%e6%80%8e%e4%b9%88%e5%8a%9e%ef%bc%9f","migration/output/zh/custom/lsvr_kba/卡被盗了怎么办？/index.md",""
"71","publish","migrate","OP Card常见问题","已注销的卡可以收到退款么？","docs/op-card-faq/common-questions","refund-to-cancelled-card","35","%e5%b7%b2%e6%b3%a8%e9%94%80%e7%9a%84%e5%8d%a1%e5%8f%af%e4%bb%a5%e6%94%b6%e5%88%b0%e9%80%80%e6%ac%be%e4%b9%88%ef%bc%9f","migration/output/zh/custom/lsvr_kba/已注销的卡可以收到退款么？/index.md",""
"72","publish","migrate","OP Card常见问题","OPcard有效期是多久？","docs/op-card-faq/common-questions","opcard-validity-period","34","opcard%e6%9c%89%e6%95%88%e6%9c%9f%e6%98%af%e5%a4%9a%e4%b9%85%ef%bc%9f","migration/output/zh/custom/lsvr_kba/opcard有效期是多久？/index.md",""
"73","publish","migrate","OP Card常见问题","怎么进行卡注销？卡注销后资金怎么处理？","docs/op-card-faq/common-questions","cancel-card-and-handle-funds","33","%e6%80%8e%e4%b9%88%e8%bf%9b%e8%a1%8c%e5%8d%a1%e6%b3%a8%e9%94%80%ef%bc%9f%e5%8d%a1%e6%b3%a8%e9%94%80%e5%90%8e%e8%b5%84%e9%87%91%e6%80%8e%e4%b9%88%e5%a4%84%e7%90%86%ef%bc%9f","migration/output/zh/custom/lsvr_kba/怎么进行卡注销？卡注销后资金怎么处理？/index.md",""
"74","publish","migrate","OP Card常见问题","什么是卡冻结？","docs/op-card-faq/common-questions","what-is-card-freeze","32","%e4%bb%80%e4%b9%88%e6%98%af%e5%8d%a1%e5%86%bb%e7%bb%93%ef%bc%9f","migration/output/zh/custom/lsvr_kba/什么是卡冻结？/index.md",""
"75","publish","migrate","OP Card常见问题","如何更改自己设定的虚拟卡的交易限额？","docs/op-card-faq/common-questions","change-virtual-card-transaction-limit","31","%e5%a6%82%e4%bd%95%e6%9b%b4%e6%94%b9%e8%87%aa%e5%b7%b1%e8%ae%be%e5%ae%9a%e7%9a%84%e8%99%9a%e6%8b%9f%e5%8d%a1%e7%9a%84%e4%ba%a4%e6%98%93%e9%99%90%e9%a2%9d%ef%bc%9f","migration/output/zh/custom/lsvr_kba/如何更改自己设定的虚拟卡的交易限额？/index.md",""
"76","publish","migrate","OP Card常见问题","什么是我的可用余额？如何增加可用额度？","docs/op-card-faq/common-questions","available-balance-and-increase-limit","30","%e4%bb%80%e4%b9%88%e6%98%af%e6%88%91%e7%9a%84%e5%8f%af%e7%94%a8%e4%bd%99%e9%a2%9d%ef%bc%9f%e5%a6%82%e4%bd%95%e5%a2%9e%e5%8a%a0%e5%8f%af%e7%94%a8%e9%a2%9d%e5%ba%a6%ef%bc%9f","migration/output/zh/custom/lsvr_kba/什么是我的可用余额？如何增加可用额度？/index.md",""
"77","publish","migrate","OP Card常见问题","怎么查看卡信息？","docs/op-card-faq/common-questions","view-card-information","29","%e6%80%8e%e4%b9%88%e6%9f%a5%e7%9c%8b%e5%8d%a1%e4%bf%a1%e6%81%af%ef%bc%9f","migration/output/zh/custom/lsvr_kba/怎么查看卡信息？/index.md",""
"78","publish","migrate","OP Card常见问题","如何新增卡？","docs/op-card-faq/common-questions","add-new-card","28","%e5%a6%82%e4%bd%95%e6%96%b0%e5%a2%9e%e5%8d%a1%ef%bc%9f","migration/output/zh/custom/lsvr_kba/如何新增卡？/index.md",""
"79","publish","migrate","OP Card常见问题","怎么创建卡片？","docs/op-card-faq/common-questions","create-card","27","%e6%80%8e%e4%b9%88%e5%88%9b%e5%bb%ba%e5%8d%a1%e7%89%87%ef%bc%9f","migration/output/zh/custom/lsvr_kba/怎么创建卡片？/index.md",""
"80","publish","migrate","OP Card常见问题","实际扣款金额与处理中金额有可能会不同吗？","docs/op-card-faq/common-questions","actual-and-processing-amount-difference","26","%e5%ae%9e%e9%99%85%e6%89%a3%e6%ac%be%e9%87%91%e9%a2%9d%e4%b8%8e%e5%a4%84%e7%90%86%e4%b8%ad%e9%87%91%e9%a2%9d%e6%9c%89%e5%8f%af%e8%83%bd%e4%bc%9a%e4%b8%8d%e5%90%8c%e5%90%97%ef%bc%9f-3","migration/output/zh/custom/lsvr_kba/实际扣款金额与处理中金额有可能会不同吗？-3/index.md",""
"81","publish","migrate","OP Card常见问题","受理中的拒付资金怎么处理","docs/op-card-faq/common-questions","chargeback-funds-in-process","25","%e5%8f%97%e7%90%86%e4%b8%ad%e7%9a%84%e6%8b%92%e4%bb%98%e8%b5%84%e9%87%91%e6%80%8e%e4%b9%88%e5%a4%84%e7%90%86","migration/output/zh/custom/lsvr_kba/受理中的拒付资金怎么处理/index.md",""
"82","publish","migrate","OP Card常见问题","如何提出拒付？","docs/op-card-faq/common-questions","how-to-raise-chargeback","24","%e5%a6%82%e4%bd%95%e6%8f%90%e5%87%ba%e6%8b%92%e4%bb%98%ef%bc%9f","migration/output/zh/custom/lsvr_kba/如何提出拒付？/index.md",""
"83","publish","migrate","OP Card常见问题","什么叫币种叠加换汇？","docs/op-card-faq/common-questions","stacked-currency-conversion","23","%e4%bb%80%e4%b9%88%e5%8f%ab%e5%b8%81%e7%a7%8d%e5%8f%a0%e5%8a%a0%e6%8d%a2%e6%b1%87%ef%bc%9f","migration/output/zh/custom/lsvr_kba/什么叫币种叠加换汇？/index.md",""
"84","publish","migrate","OP Card常见问题","为什么卡片被冻结或卡片注销后，交易仍然成功了？","docs/op-card-faq/common-questions","transaction-success-after-card-frozen-or-cancelled","22","%e4%b8%ba%e4%bb%80%e4%b9%88%e5%8d%a1%e7%89%87%e8%a2%ab%e5%86%bb%e7%bb%93%e6%88%96%e5%8d%a1%e7%89%87%e6%b3%a8%e9%94%80%e5%90%8e%ef%bc%8c%e4%ba%a4%e6%98%93%e4%bb%8d%e7%84%b6%e6%88%90%e5%8a%9f%e4%ba%86","migration/output/zh/custom/lsvr_kba/为什么卡片被冻结或卡片注销后，交易仍然成功了/index.md",""
"85","publish","migrate","OP Card常见问题","我可以在交易处理中时停止或取消卡交易吗？","docs/op-card-faq/common-questions","stop-or-cancel-processing-card-transaction","21","%e6%88%91%e5%8f%af%e4%bb%a5%e5%9c%a8%e4%ba%a4%e6%98%93%e5%a4%84%e7%90%86%e4%b8%ad%e6%97%b6%e5%81%9c%e6%ad%a2%e6%88%96%e5%8f%96%e6%b6%88%e5%8d%a1%e4%ba%a4%e6%98%93%e5%90%97%ef%bc%9f-2","migration/output/zh/custom/lsvr_kba/我可以在交易处理中时停止或取消卡交易吗？-2/index.md",""
"86","publish","migrate","OP Card常见问题","为什么我的卡被暂停了？","docs/op-card-faq/common-questions","card-suspended","20","%e4%b8%ba%e4%bb%80%e4%b9%88%e6%88%91%e7%9a%84%e5%8d%a1%e8%a2%ab%e6%9a%82%e5%81%9c%e4%ba%86%ef%bc%9f","migration/output/zh/custom/lsvr_kba/为什么我的卡被暂停了？/index.md",""
"87","publish","migrate","OP Card常见问题","为什么我的卡支付失败？","docs/op-card-faq/common-questions","card-payment-failed","19","%e4%b8%ba%e4%bb%80%e4%b9%88%e6%88%91%e7%9a%84%e5%8d%a1%e6%94%af%e4%bb%98%e5%a4%b1%e8%b4%a5%ef%bc%9f-2","migration/output/zh/custom/lsvr_kba/为什么我的卡支付失败？-2/index.md",""
"88","publish","migrate","OP Card常见问题","付款支持哪些币种？","docs/op-card-faq/common-questions","payment-supported-currencies","18","%e4%bb%98%e6%ac%be%e6%94%af%e6%8c%81%e5%93%aa%e4%ba%9b%e5%b8%81%e7%a7%8d%ef%bc%9f","migration/output/zh/custom/lsvr_kba/付款支持哪些币种？/index.md",""
"89","publish","migrate","OP Card常见问题","可以进行卡转账或提现吗？","docs/op-card-faq/common-questions","card-transfer-or-withdrawal","17","%e5%8f%af%e4%bb%a5%e8%bf%9b%e8%a1%8c%e5%8d%a1%e8%bd%ac%e8%b4%a6%e6%88%96%e6%8f%90%e7%8e%b0%e5%90%97%ef%bc%9f","migration/output/zh/custom/lsvr_kba/可以进行卡转账或提现吗？/index.md",""
"90","publish","migrate","OP Card常见问题","我什么时候可以开始交易？","docs/op-card-faq/common-questions","when-can-i-start-transacting","16","%e6%88%91%e4%bb%80%e4%b9%88%e6%97%b6%e5%80%99%e5%8f%af%e4%bb%a5%e5%bc%80%e5%a7%8b%e4%ba%a4%e6%98%93%ef%bc%9f","migration/output/zh/custom/lsvr_kba/我什么时候可以开始交易？/index.md",""
"91","publish","migrate","OP Card常见问题","发现交易金额有异常或者有争议订单怎么办？","docs/op-card-faq/common-questions","abnormal-or-disputed-card-transaction","15","%e5%8f%91%e7%8e%b0%e4%ba%a4%e6%98%93%e9%87%91%e9%a2%9d%e6%9c%89%e5%bc%82%e5%b8%b8%e6%88%96%e8%80%85%e6%9c%89%e4%ba%89%e8%ae%ae%e8%ae%a2%e5%8d%95%e6%80%8e%e4%b9%88%e5%8a%9e%ef%bc%9f","migration/output/zh/custom/lsvr_kba/发现交易金额有异常或者有争议订单怎么办？/index.md",""
"92","publish","migrate","OP Card常见问题","OP虚拟卡不支持哪些业务和行业？","docs/op-card-faq/common-questions","unsupported-op-virtual-card-businesses","14","op%e8%99%9a%e6%8b%9f%e5%8d%a1%e4%b8%8d%e6%94%af%e6%8c%81%e5%93%aa%e4%ba%9b%e4%b8%9a%e5%8a%a1%e5%92%8c%e8%a1%8c%e4%b8%9a%ef%bc%9f","migration/output/zh/custom/lsvr_kba/op虚拟卡不支持哪些业务和行业？/index.md",""
"93","publish","migrate","OP Card常见问题","企业账号实名认证后，营业执照过期/法定代表人变更/注销是否有影响？","docs/op-card-faq/common-questions","company-verification-change-impact","13","%e4%bc%81%e4%b8%9a%e8%b4%a6%e5%8f%b7%e5%ae%9e%e5%90%8d%e8%ae%a4%e8%af%81%e5%90%8e%ef%bc%8c%e8%90%a5%e4%b8%9a%e6%89%a7%e7%85%a7%e8%bf%87%e6%9c%9f-%e6%b3%95%e5%ae%9a%e4%bb%a3%e8%a1%a8%e4%ba%ba%e5%8f%98","migration/output/zh/custom/lsvr_kba/企业账号实名认证后，营业执照过期-法定代表人变/index.md",""
"94","publish","migrate","OP Card常见问题","谁会默认成为虚拟卡管理人？虚拟卡管理人可以做什么？","docs/op-card-faq/common-questions","default-virtual-card-manager","12","%e8%b0%81%e4%bc%9a%e9%bb%98%e8%ae%a4%e6%88%90%e4%b8%ba%e8%99%9a%e6%8b%9f%e5%8d%a1%e7%ae%a1%e7%90%86%e4%ba%ba%ef%bc%9f%e8%99%9a%e6%8b%9f%e5%8d%a1%e7%ae%a1%e7%90%86%e4%ba%ba%e5%8f%af%e4%bb%a5%e5%81%9a","migration/output/zh/custom/lsvr_kba/谁会默认成为虚拟卡管理人？虚拟卡管理人可以做/index.md",""
"95","publish","migrate","OP Card常见问题","我注册之后是否能够更改企业信息？","docs/op-card-faq/common-questions","change-company-information-after-registration","11","%e6%88%91%e6%b3%a8%e5%86%8c%e4%b9%8b%e5%90%8e%e6%98%af%e5%90%a6%e8%83%bd%e5%a4%9f%e6%9b%b4%e6%94%b9%e4%bc%81%e4%b8%9a%e4%bf%a1%e6%81%af%ef%bc%9f","migration/output/zh/custom/lsvr_kba/我注册之后是否能够更改企业信息？/index.md",""
"96","publish","migrate","OP Card常见问题","我可以将现有发卡帐户转移到不同的公司实体上吗？","docs/op-card-faq/common-questions","transfer-card-account-to-different-company","10","%e6%88%91%e5%8f%af%e4%bb%a5%e5%b0%86%e7%8e%b0%e6%9c%89%e5%8f%91%e5%8d%a1%e5%b8%90%e6%88%b7%e8%bd%ac%e7%a7%bb%e5%88%b0%e4%b8%8d%e5%90%8c%e7%9a%84%e5%85%ac%e5%8f%b8%e5%ae%9e%e4%bd%93%e4%b8%8a%e5%90%97","migration/output/zh/custom/lsvr_kba/我可以将现有发卡帐户转移到不同的公司实体上吗/index.md",""
"97","publish","migrate","OP Card常见问题","在一个公司实体下可以创建的卡片数量是否有限制？","docs/op-card-faq/common-questions","card-quantity-limit-under-company","9","%e5%9c%a8%e4%b8%80%e4%b8%aa%e5%85%ac%e5%8f%b8%e5%ae%9e%e4%bd%93%e4%b8%8b%e5%8f%af%e4%bb%a5%e5%88%9b%e5%bb%ba%e7%9a%84%e5%8d%a1%e7%89%87%e6%95%b0%e9%87%8f%e6%98%af%e5%90%a6%e6%9c%89%e9%99%90%e5%88%b6","migration/output/zh/custom/lsvr_kba/在一个公司实体下可以创建的卡片数量是否有限制/index.md",""
"98","publish","migrate","OP Card常见问题","谁可以在OP开设发卡账户？","docs/op-card-faq/common-questions","who-can-open-op-card-account","8","%e8%b0%81%e5%8f%af%e4%bb%a5%e5%9c%a8op%e5%bc%80%e8%ae%be%e5%8f%91%e5%8d%a1%e8%b4%a6%e6%88%b7%ef%bc%9f","migration/output/zh/custom/lsvr_kba/谁可以在op开设发卡账户？/index.md",""
"99","publish","migrate","OP Card常见问题","为什么我的账户申请被拒绝？","docs/op-card-faq/common-questions","account-application-rejected","7","%e4%b8%ba%e4%bb%80%e4%b9%88%e6%88%91%e7%9a%84%e8%b4%a6%e6%88%b7%e7%94%b3%e8%af%b7%e8%a2%ab%e6%8b%92%e7%bb%9d%ef%bc%9f","migration/output/zh/custom/lsvr_kba/为什么我的账户申请被拒绝？/index.md",""
"100","publish","migrate","OP Card常见问题","悦享卡是什么？","docs/op-card-faq/common-questions","what-is-yuexiang-card","6","%e6%82%a6%e4%ba%ab%e5%8d%a1%e6%98%af%e4%bb%80%e4%b9%88%ef%bc%9f","migration/output/zh/custom/lsvr_kba/悦享卡是什么？/index.md",""
"101","publish","migrate","OP Card常见问题","单币卡是什么？","docs/op-card-faq/common-questions","what-is-single-currency-card","5","%e5%8d%95%e5%b8%81%e5%8d%a1%e6%98%af%e4%bb%80%e4%b9%88%ef%bc%9f","migration/output/zh/custom/lsvr_kba/单币卡是什么？/index.md",""
"102","publish","migrate","OP Card常见问题","OP Card是什么？","docs/op-card-faq/common-questions","what-is-op-card","4","op-card%e6%98%af%e4%bb%80%e4%b9%88%ef%bc%9f","migration/output/zh/custom/lsvr_kba/op-card是什么？/index.md",""
"103","publish","migrate","OP Card常见问题","OP Card限额是多少？","docs/op-card-faq/common-questions","op-card-limits","3","op-card%e9%99%90%e9%a2%9d%e6%98%af%e5%a4%9a%e5%b0%91%ef%bc%9f","migration/output/zh/custom/lsvr_kba/op-card限额是多少？/index.md",""
"104","publish","migrate","OP Card常见问题","交易金额限制生效规则","docs/op-card-faq/common-questions","transaction-amount-limit-rules","2","%e4%ba%a4%e6%98%93%e9%87%91%e9%a2%9d%e9%99%90%e5%88%b6%e7%94%9f%e6%95%88%e8%a7%84%e5%88%99","migration/output/zh/custom/lsvr_kba/交易金额限制生效规则/index.md",""
"105","publish","skip","ODPM后台板块操作指引","数据分析功能手册说明","docs/odpm-guide/section-guide","odpm-guide-section-guide-007","","%e6%95%b0%e6%8d%ae%e5%88%86%e6%9e%90%e5%8a%9f%e8%83%bd%e6%89%8b%e5%86%8c%e8%af%b4%e6%98%8e","migration/output/zh/custom/lsvr_kba/数据分析功能手册说明/index.md","ODPM content already migrated; sidebar position pending screenshot/order review"
"106","publish","skip","ODPM后台板块操作指引","异常交易处理说明","docs/odpm-guide/section-guide","odpm-guide-section-guide-008","","%e5%bc%82%e5%b8%b8%e4%ba%a4%e6%98%93%e5%a4%84%e7%90%86%e8%af%b4%e6%98%8e","migration/output/zh/custom/lsvr_kba/异常交易处理说明/index.md","ODPM content already migrated; sidebar position pending screenshot/order review"
"107","publish","skip","ODPM后台板块操作指引","拒付撤销核实指引","docs/odpm-guide/section-guide","odpm-guide-section-guide-009","","%e6%8b%92%e4%bb%98%e6%92%a4%e9%94%80%e6%a0%b8%e5%ae%9e%e6%8c%87%e5%bc%95","migration/output/zh/custom/lsvr_kba/拒付撤销核实指引/index.md","ODPM content already migrated; sidebar position pending screenshot/order review"
"108","publish","skip","ODPM后台板块操作指引","微信绑定指导手册","docs/odpm-guide/section-guide","odpm-guide-section-guide-010","","%e5%be%ae%e4%bf%a1%e7%bb%91%e5%ae%9a%e6%8c%87%e5%af%bc%e6%89%8b%e5%86%8c","migration/output/zh/custom/lsvr_kba/微信绑定指导手册/index.md","ODPM content already migrated; sidebar position pending screenshot/order review"
"109","publish","skip","ODPM后台板块操作指引","子账户配置指引","docs/odpm-guide/section-guide","odpm-guide-section-guide-011","","%e5%ad%90%e8%b4%a6%e6%88%b7%e9%85%8d%e7%bd%ae%e6%8c%87%e5%bc%95","migration/output/zh/custom/lsvr_kba/子账户配置指引/index.md","ODPM content already migrated; sidebar position pending screenshot/order review"
"110","publish","skip","ODPM后台板块操作指引","拒付申诉批量操作指引","docs/odpm-guide/section-guide","odpm-guide-section-guide-012","","%e6%8b%92%e4%bb%98%e7%94%b3%e8%af%89%e6%89%b9%e9%87%8f%e6%93%8d%e4%bd%9c%e6%8c%87%e5%bc%95","migration/output/zh/custom/lsvr_kba/拒付申诉批量操作指引/index.md","ODPM content already migrated; sidebar position pending screenshot/order review"
"111","publish","migrate","账户划款、提现、代付指引","OPCCOUNT操作教程","docs/payment-faq/account-transfer","opccount-operation-guide","1","opccount%e6%93%8d%e4%bd%9c%e6%95%99%e7%a8%8b","migration/output/zh/custom/lsvr_kba/opccount操作教程/index.md",""
"112","publish","skip","ODPM后台板块操作指引","ODPM小程序教程","docs/odpm-guide/section-guide","odpm","","odpm%e5%b0%8f%e7%a8%8b%e5%ba%8f%e6%95%99%e7%a8%8b","migration/output/zh/custom/lsvr_kba/odpm小程序教程/index.md","ODPM content already migrated; sidebar position pending screenshot/order review"
"113","publish","migrate","Payment收单信息更新专区","批量地址欺诈攻击分享","docs/payment-faq/info-update","bulk-address-fraud-attack","3","%e6%89%b9%e9%87%8f%e5%9c%b0%e5%9d%80%e6%ac%ba%e8%af%88%e6%94%bb%e5%87%bb%e5%88%86%e4%ba%ab","migration/output/zh/custom/lsvr_kba/批量地址欺诈攻击分享/index.md",""
"114","publish","skip","ODPM后台板块操作指引","拒付申诉资料提交指引","docs/odpm-guide/section-guide","odpm-guide-section-guide-014","","%e6%8b%92%e4%bb%98%e7%94%b3%e8%af%89%e8%b5%84%e6%96%99%e6%8f%90%e4%ba%a4%e6%8c%87%e5%bc%95","migration/output/zh/custom/lsvr_kba/拒付申诉资料提交指引/index.md","ODPM content already migrated; sidebar position pending screenshot/order review"
"115","publish","migrate","OP Card常见问题","IAM申请OPCCOUNT全球账户业务操作手册","docs/op-card-faq/common-questions","iam-opccount-global-account-application-guide","1","iam%e7%94%b3%e8%af%b7opccount%e5%85%a8%e7%90%83%e8%b4%a6%e6%88%b7%e4%b8%9a%e5%8a%a1%e6%93%8d%e4%bd%9c%e6%89%8b%e5%86%8c","migration/output/zh/custom/lsvr_kba/iam申请opccount全球账户业务操作手册/index.md",""
"116","publish","migrate","OP Card条款和条件","Terms and Conditions条款","docs/op-card-faq/terms-conditions","terms-and-conditions","1","terms-and-conditions%e6%9d%a1%e6%ac%be","migration/output/zh/custom/lsvr_kba/terms-and-conditions条款/index.md",""
"117","publish","migrate","准入与合规管理","Oceanpayment禁止和受限接入的行业","docs/compliance-certification/access-compliance","prohibited-and-restricted-businesses","1","prohibited-and-restricted-businesses","migration/output/zh/custom/lsvr_kba/prohibited-and-restricted-businesses/index.md",""
"118","publish","migrate","Payment收单常见问题","Visa VAMP考核计划","docs/payment-faq/common-questions","visa-vamp-program","10","visa-vamp%e8%80%83%e6%a0%b8%e8%ae%a1%e5%88%92","migration/output/zh/custom/lsvr_kba/visa-vamp考核计划/index.md",""
"119","publish","migrate","Payment收单常见问题","Visa VIRP规则介绍","docs/payment-faq/common-questions","visa-virp-rules","9","visa-virp%e8%a7%84%e5%88%99%e4%bb%8b%e7%bb%8d","migration/output/zh/custom/lsvr_kba/visa-virp规则介绍/index.md",""
"120","publish","migrate","Payment收单常见问题","Afterpay 限额介绍","docs/payment-faq/common-questions","afterpay-limit-introduction","8","afterpay-%e9%99%90%e9%a2%9d%e4%bb%8b%e7%bb%8d","migration/output/zh/custom/lsvr_kba/afterpay-限额介绍/index.md",""
"121","publish","migrate","Payment收单信息更新专区","日本《产品安全四法》修订：对日本市场商户的影响","docs/payment-faq/info-update","japan-product-safety-laws-update","2","%e6%97%a5%e6%9c%ac%e4%ba%a7%e5%93%81%e5%ae%89%e5%85%a8%e5%9b%9b%e6%b3%95%e4%bf%ae%e8%ae%a2%e5%af%b9%e6%97%a5%e6%9c%ac%e5%b8%82%e5%9c%ba%e5%95%86%e6%88%b7%e7%9a%84%e5%bd%b1%e5%93%8d","migration/output/zh/custom/lsvr_kba/日本产品安全四法修订对日本市场商户的影响/index.md",""
"122","publish","migrate","Payment收单信息更新专区","Trustly PIS支付发起服务退出西班牙市场","docs/payment-faq/info-update","trustly-pis-exits-spain","1","trustly-pis%e6%94%af%e4%bb%98%e6%96%b9%e5%bc%8f%e9%80%80%e5%87%ba%e8%a5%bf%e7%8f%ad%e7%89%99%e5%b8%82%e5%9c%ba","migration/output/zh/custom/lsvr_kba/trustly-pis支付方式退出西班牙市场/index.md",""
"123","publish","skip","ODPM后台板块操作指引","ODPM二次验证说明","docs/odpm-guide/section-guide","odpm","","odpm%e4%ba%8c%e6%ac%a1%e9%aa%8c%e8%af%81%e8%af%b4%e6%98%8e","migration/output/zh/custom/lsvr_kba/odpm二次验证说明/index.md","ODPM content already migrated; sidebar position pending screenshot/order review"
"124","publish","migrate","Payment收单常见问题","MasterCard 潜在欺诈商户管控规则介绍","docs/payment-faq/common-questions","mastercard-potential-scam-merchant-monitoring","7","mastercard-potential-scam-merchant-monitoring","migration/output/zh/custom/lsvr_kba/mastercard-potential-scam-merchant-monitoring/index.md",""
"125","publish","migrate","Payment收单常见问题","Bancontact品牌升级的相关事宜","docs/payment-faq/common-questions","bancontact-brand-upgrade","6","bancontact%e5%93%81%e7%89%8c%e5%8d%87%e7%ba%a7%e7%9a%84%e7%9b%b8%e5%85%b3%e4%ba%8b%e5%ae%9c","migration/output/zh/custom/lsvr_kba/bancontact品牌升级的相关事宜/index.md",""
"126","publish","migrate","Payment收单常见问题","受管控国家、地区与交易币种清单","docs/payment-faq/common-questions","restricted-countries-regions-currencies","5","%e5%88%b6%e8%a3%81%e5%9b%bd%e5%ae%b6%e3%80%81%e5%9c%b0%e5%8c%ba%e3%80%81%e4%ba%a4%e6%98%93%e5%b8%81%e7%a7%8d%e6%b8%85%e5%8d%95","migration/output/zh/custom/lsvr_kba/制裁国家、地区、交易币种清单/index.md",""
"127","publish","migrate","Payment收单常见问题","Visa、MasterCard退款处理规则更新","docs/payment-faq/common-questions","visa-mastercard-refund-rules-update","4","visa%e3%80%81mastercard%e9%80%80%e6%ac%be%e5%a4%84%e7%90%86%e8%a7%84%e5%88%99%e6%9b%b4%e6%96%b0","migration/output/zh/custom/lsvr_kba/visa、mastercard退款处理规则更新/index.md",""
"128","publish","migrate","Payment收单常见问题","Klarna 争议生命周期介绍","docs/payment-faq/common-questions","klarna-dispute-lifecycle","3","klarna-%e4%ba%89%e8%ae%ae%e7%94%9f%e5%91%bd%e5%91%a8%e6%9c%9f%e4%bb%8b%e7%bb%8d","migration/output/zh/custom/lsvr_kba/klarna-争议生命周期介绍/index.md",""
"129","publish","migrate","OPCard 支持Google Pay FAQ","OPCard 是否支持 Google Pay？","docs/op-card-faq/google-pay-faq","opcard-google-pay-support","9","opcard-%e6%98%af%e5%90%a6%e6%94%af%e6%8c%81-google-pay%ef%bc%9f","migration/output/zh/custom/lsvr_kba/opcard-是否支持-google-pay？/index.md",""
"130","publish","migrate","OPCard 支持Google Pay FAQ","如何将 OPCard 添加到 Google Wallet？","docs/op-card-faq/google-pay-faq","add-opcard-to-google-wallet","8","%e5%a6%82%e4%bd%95%e5%b0%86-opcard-%e6%b7%bb%e5%8a%a0%e5%88%b0-google-wallet%ef%bc%9f","migration/output/zh/custom/lsvr_kba/如何将-opcard-添加到-google-wallet？/index.md",""
"131","publish","migrate","OPCard 支持Google Pay FAQ","OPCard 支持哪些支付场景？","docs/op-card-faq/google-pay-faq","opcard-google-pay-scenarios","7","opcard-%e6%94%af%e6%8c%81%e5%93%aa%e4%ba%9b%e6%94%af%e4%bb%98%e5%9c%ba%e6%99%af%ef%bc%9f","migration/output/zh/custom/lsvr_kba/opcard-支持哪些支付场景？/index.md",""
"132","publish","migrate","OPCard 支持Google Pay FAQ","是否可以在海外使用？","docs/op-card-faq/google-pay-faq","google-pay-overseas-use","6","%e6%98%af%e5%90%a6%e5%8f%af%e4%bb%a5%e5%9c%a8%e6%b5%b7%e5%a4%96%e4%bd%bf%e7%94%a8%ef%bc%9f","migration/output/zh/custom/lsvr_kba/是否可以在海外使用？/index.md",""
"133","publish","migrate","OPCard 支持Google Pay FAQ","使用 Google Pay 是否需要实体卡？","docs/op-card-faq/google-pay-faq","google-pay-physical-card","5","%e4%bd%bf%e7%94%a8-google-pay-%e6%98%af%e5%90%a6%e9%9c%80%e8%a6%81%e5%ae%9e%e4%bd%93%e5%8d%a1%ef%bc%9f","migration/output/zh/custom/lsvr_kba/使用-google-pay-是否需要实体卡？/index.md",""
"134","publish","migrate","OPCard 支持Google Pay FAQ","使用 Google Pay 需要满足什么条件？","docs/op-card-faq/google-pay-faq","google-pay-requirements","4","%e4%bd%bf%e7%94%a8-google-pay-%e9%9c%80%e8%a6%81%e6%bb%a1%e8%b6%b3%e4%bb%80%e4%b9%88%e6%9d%a1%e4%bb%b6%ef%bc%9f","migration/output/zh/custom/lsvr_kba/使用-google-pay-需要满足什么条件？/index.md",""
"135","publish","migrate","OPCard 支持Google Pay FAQ","为什么无法绑定 OPCard 到 Google Wallet？","docs/op-card-faq/google-pay-faq","cannot-bind-opcard-to-google-wallet","3","%e4%b8%ba%e4%bb%80%e4%b9%88%e6%97%a0%e6%b3%95%e7%bb%91%e5%ae%9a-opcard-%e5%88%b0-google-wallet%ef%bc%9f","migration/output/zh/custom/lsvr_kba/为什么无法绑定-opcard-到-google-wallet？/index.md",""
"136","publish","migrate","OPCard 支持Google Pay FAQ","使用 Google Pay 是否安全？","docs/op-card-faq/google-pay-faq","google-pay-security","2","%e4%bd%bf%e7%94%a8-google-pay-%e6%98%af%e5%90%a6%e5%ae%89%e5%85%a8%ef%bc%9f","migration/output/zh/custom/lsvr_kba/使用-google-pay-是否安全？/index.md",""
"137","publish","migrate","OPCard 支持Google Pay FAQ","使用 Google Pay 是否会产生额外费用？","docs/op-card-faq/google-pay-faq","google-pay-extra-fees","1","%e4%bd%bf%e7%94%a8-google-pay-%e6%98%af%e5%90%a6%e4%bc%9a%e4%ba%a7%e7%94%9f%e9%a2%9d%e5%a4%96%e8%b4%b9%e7%94%a8%ef%bc%9f","migration/output/zh/custom/lsvr_kba/使用-google-pay-是否会产生额外费用？/index.md",""
"138","publish","migrate","Payment收单常见问题","交易/结算流程中的币种换算说明","docs/payment-faq/common-questions","currency-conversion-in-transaction-settlement","2","%e3%80%90%e8%b4%a6%e6%88%b7%e5%90%8e%e5%8f%b0%e3%80%91%e4%ba%a4%e6%98%93-%e7%bb%93%e7%ae%97%e6%b5%81%e7%a8%8b%e4%b8%ad%e7%9a%84%e5%b8%81%e7%a7%8d%e6%8d%a2%e7%ae%97%e8%af%b4%e6%98%8e","migration/output/zh/custom/lsvr_kba/【账户后台】交易-结算流程中的币种换算说明/index.md",""
"139","publish","migrate","Payment收单常见问题","商户在Oceanpayment的资金清算","docs/payment-faq/common-questions","merchant-fund-settlement-at-oceanpayment","1","%e5%95%86%e6%88%b7%e5%9c%a8oceanpayment%e7%9a%84%e8%b5%84%e9%87%91%e6%b8%85%e7%ae%97","migration/output/zh/custom/lsvr_kba/商户在oceanpayment的资金清算/index.md",""
"140","publish","skip","ODPM后台板块操作指引","ODPM合同协议签署教程","docs/odpm-guide/section-guide","odpm","","odpm%e5%90%88%e5%90%8c%e5%8d%8f%e8%ae%ae%e7%ad%be%e7%bd%b2%e6%95%99%e7%a8%8b","migration/output/zh/custom/lsvr_kba/odpm合同协议签署教程/index.md","ODPM content already migrated; sidebar position pending screenshot/order review"
"141","trash","skip","OP Card常见问题","实际扣款金额与处理中金额有可能会不同吗？","docs/op-card-faq/common-questions","actual-and-processing-amount-difference","26","%e5%ae%9e%e9%99%85%e6%89%a3%e6%ac%be%e9%87%91%e9%a2%9d%e4%b8%8e%e5%a4%84%e7%90%86%e4%b8%ad%e9%87%91%e9%a2%9d%e6%9c%89%e5%8f%af%e8%83%bd%e4%bc%9a%e4%b8%8d%e5%90%8c%e5%90%97%ef%bc%9f-2__trashed","migration/output/zh/custom/lsvr_kba/实际扣款金额与处理中金额有可能会不同吗？-3/index.md","status=trash"
"142","trash","skip","OP Card常见问题","我可以在交易处理中时停止或取消卡交易吗？","docs/op-card-faq/common-questions","stop-or-cancel-processing-card-transaction","21","%e6%88%91%e5%8f%af%e4%bb%a5%e5%9c%a8%e4%ba%a4%e6%98%93%e5%a4%84%e7%90%86%e4%b8%ad%e6%97%b6%e5%81%9c%e6%ad%a2%e6%88%96%e5%8f%96%e6%b6%88%e5%8d%a1%e4%ba%a4%e6%98%93%e5%90%97%ef%bc%9f__trashed","migration/output/zh/custom/lsvr_kba/我可以在交易处理中时停止或取消卡交易吗？-2/index.md","status=trash"
"143","trash","skip","OP Card常见问题","为什么我的卡支付失败？","docs/op-card-faq/common-questions","card-payment-failed","19","%e4%b8%ba%e4%bb%80%e4%b9%88%e6%88%91%e7%9a%84%e5%8d%a1%e6%94%af%e4%bb%98%e5%a4%b1%e8%b4%a5%ef%bc%9f__trashed","migration/output/zh/custom/lsvr_kba/为什么我的卡支付失败？-2/index.md","status=trash"
